id;name;fecha_inicio;fecha_fin
1;incidentally between;2025-03-07T10:58:46;2025-03-07T20:43:23
2;atop;2025-03-07T11:17:30;2025-03-07T15:54:48
3;and inwardly;2025-03-07T07:45:13;2025-03-07T15:47:21
4;sunny;2025-03-07T19:17:39;2025-03-07T05:04:05
5;secrecy entire oof;2025-03-07T12:04:18;2025-03-07T04:08:48
6;supplier ick;2025-03-07T15:33:27;2025-03-07T04:43:29
7;eternity tensely;2025-03-07T18:52:19;2025-03-07T18:02:50
8;kindly when before;2025-03-07T07:22:27;2025-03-07T08:51:44
9;chunder unhealthy;2025-03-07T20:45:16;2025-03-07T17:18:45
10;cassava;2025-03-07T09:21:51;2025-03-07T13:45:19
